{"cameraMode":{"drawMode":0,"name":"Shaded","section":"Shading Mode"},"sceneLighting":true,"audioPlay":false,"sceneViewState":{"m_AlwaysRefresh":false,"showFog":true,"showSkybox":true,"showFlares":true,"showImageEffects":true,"showParticleSystems":true,"showVisualEffectGraphs":true,"m_FxEnabled":true},"in2DMode":false,"pivot":{"x":23.224531173706056,"y":13.743057250976563,"z":5.661668300628662},"rotation":{"x":-0.18778041005134583,"y":0.7008760571479797,"z":-0.19987906515598298,"w":-0.6584526896476746},"size":0.9049965143203735,"orthographic":false}